,time_stamp
0,2025-03-27 05:23:03 Z
1,2025-03-27 05:23:03 Z
2,2025-03-25 19:17:59 Z
3,2025-03-25 19:17:59 Z
4,2025-03-16 00:08:43 Z
5,2025-03-14 02:26:45 Z
6,2025-03-11 23:00:05 Z
7,2025-03-11 23:00:05 Z
8,2025-03-08 06:23:38 Z
9,2025-03-08 06:23:38 Z
10,2025-03-08 06:06:23 Z
11,2025-03-05 01:03:16 Z
12,2025-03-05 01:03:16 Z
13,2025-03-05 00:49:06 Z
14,2025-02-27 03:31:39 Z
15,2025-02-27 03:31:39 Z
16,2025-02-27 03:18:29 Z
17,2025-02-26 17:32:33 Z
18,2025-02-26 17:32:32 Z
19,2025-02-19 02:21:30 Z
20,2025-02-18 07:00:59 Z
21,2025-02-18 07:00:59 Z
22,2025-02-18 06:48:15 Z
23,2025-02-17 22:22:40 Z
24,2025-02-14 06:25:28 Z
25,2025-02-14 06:25:28 Z
26,2025-02-14 06:15:52 Z
27,2025-02-13 04:19:14 Z
28,2025-02-13 04:19:14 Z
29,2025-02-13 04:04:42 Z
30,2025-02-03 08:13:24 Z
31,2025-02-03 08:13:24 Z
32,2025-02-03 08:05:47 Z
33,2025-02-02 08:40:03 Z
34,2025-02-02 08:40:03 Z
35,2025-01-29 06:47:37 Z
36,2025-01-29 06:47:21 Z
37,2025-01-29 06:47:21 Z
38,2025-01-26 08:10:50 Z
39,2025-01-26 08:10:49 Z
40,2025-01-25 08:06:05 Z
41,2025-01-25 07:44:58 Z
42,2025-01-25 07:44:58 Z
43,2025-01-25 07:26:13 Z
44,2025-01-22 16:46:38 Z
45,2025-01-22 16:46:38 Z
46,2025-01-20 03:36:24 Z
47,2025-01-20 03:36:24 Z
48,2025-01-20 03:35:30 Z
49,2025-01-11 07:57:29 Z
50,2025-01-11 07:57:28 Z
51,2025-01-09 19:00:45 Z
52,2024-12-20 06:14:19 Z
53,2024-12-20 06:14:19 Z
54,2024-12-20 06:14:15 Z
55,2024-12-20 06:14:15 Z
56,2024-12-20 05:56:40 Z
57,2024-12-19 05:03:41 Z
58,2024-12-19 05:03:41 Z
59,2024-12-18 09:09:10 Z
60,2024-12-14 21:49:06 Z
61,2024-12-14 21:49:06 Z
62,2024-12-14 21:06:04 Z
63,2024-12-14 08:26:12 Z
64,2024-12-14 08:26:11 Z
65,2024-12-14 08:03:54 Z
66,2024-12-14 08:03:40 Z
67,2024-12-14 08:03:40 Z
68,2024-12-13 01:39:00 Z
69,2024-12-13 01:39:00 Z
70,2024-12-13 01:36:36 Z
71,2024-12-11 04:06:02 Z
72,2024-12-11 04:06:01 Z
73,2024-12-11 04:05:13 Z
74,2024-12-08 07:26:31 Z
75,2024-12-08 07:26:31 Z
76,2024-12-08 05:39:57 Z
77,2024-12-02 06:51:14 Z
78,2024-12-02 06:51:13 Z
79,2024-11-28 06:54:26 Z
80,2024-11-28 06:54:26 Z
81,2024-11-27 06:56:39 Z
82,2024-11-27 06:56:39 Z
83,2024-11-26 06:37:49 Z
84,2024-11-26 06:37:49 Z
85,2024-11-25 06:49:08 Z
86,2024-11-25 06:49:08 Z
87,2024-11-24 06:34:15 Z
88,2024-11-24 06:34:15 Z
89,2024-11-23 07:15:57 Z
90,2024-11-23 07:15:57 Z
91,2024-11-23 07:05:00 Z
92,2024-11-10 06:58:55 Z
93,2024-11-10 06:58:54 Z
94,2024-11-09 22:23:53 Z
95,2024-11-09 22:23:52 Z
96,2024-11-09 00:30:46 Z
97,2024-11-09 00:30:46 Z
98,2024-11-09 00:20:28 Z
99,2024-11-08 07:12:03 Z
100,2024-11-08 07:12:03 Z
101,2024-11-08 07:11:54 Z
102,2024-11-06 22:01:34 Z
103,2024-11-06 22:01:34 Z
104,2024-11-05 05:01:24 Z
105,2024-11-05 05:01:24 Z
106,2024-11-04 22:18:47 Z
107,2024-11-04 22:18:46 Z
108,2024-11-04 00:10:50 Z
109,2024-11-04 00:10:50 Z
110,2024-11-03 23:50:07 Z
111,2024-11-01 04:00:58 Z
112,2024-11-01 04:00:58 Z
113,2024-10-31 03:54:23 Z
114,2024-10-31 03:54:22 Z
115,2024-10-30 06:15:47 Z
116,2024-10-30 06:15:47 Z
117,2024-10-30 04:29:55 Z
118,2024-10-30 01:31:29 Z
119,2024-10-30 01:31:29 Z
120,2024-10-29 21:31:52 Z
121,2024-10-29 21:31:52 Z
122,2024-10-29 06:04:06 Z
123,2024-10-29 06:04:06 Z
124,2024-10-29 01:45:41 Z
125,2024-10-29 01:45:40 Z
126,2024-10-28 21:18:50 Z
127,2024-10-28 21:18:50 Z
128,2024-10-28 02:39:03 Z
129,2024-10-28 02:39:03 Z
130,2024-10-28 02:12:16 Z
131,2024-10-25 21:29:42 Z
132,2024-10-25 21:29:41 Z
133,2024-10-25 03:59:01 Z
134,2024-10-25 03:59:00 Z
135,2024-10-24 21:20:47 Z
136,2024-10-24 21:20:47 Z
137,2024-10-23 04:23:00 Z
138,2024-10-23 04:23:00 Z
139,2024-10-22 22:11:32 Z
140,2024-10-22 22:11:32 Z
141,2024-10-22 22:11:32 Z
142,2024-10-22 22:11:32 Z
143,2024-10-22 22:05:22 Z
144,2024-10-22 22:05:22 Z
145,2024-10-22 21:43:49 Z
146,2024-10-22 07:40:47 Z
147,2024-10-22 07:40:47 Z
148,2024-10-19 05:36:38 Z
149,2024-10-14 15:56:07 Z
150,2024-10-14 15:56:03 Z
151,2024-10-09 06:40:49 Z
152,2024-10-09 06:40:49 Z
153,2024-10-09 06:27:01 Z
154,2024-10-09 04:41:55 Z
155,2024-10-09 04:41:55 Z
156,2024-10-09 04:30:52 Z
157,2024-09-22 06:10:46 Z
158,2024-09-22 06:10:46 Z
159,2024-09-22 05:58:46 Z
160,2024-09-20 22:26:34 Z
161,2024-09-20 22:26:34 Z
162,2024-09-20 22:13:36 Z
163,2024-09-16 06:44:25 Z
164,2024-09-16 06:44:25 Z
165,2024-09-16 06:32:27 Z
166,2024-09-15 23:18:16 Z
167,2024-09-15 23:18:16 Z
168,2024-09-15 23:08:05 Z
169,2024-09-12 07:41:29 Z
170,2024-09-12 07:41:29 Z
171,2024-09-12 07:09:56 Z
172,2024-09-11 06:07:12 Z
173,2024-09-11 06:07:12 Z
174,2024-09-11 05:38:51 Z
175,2024-09-11 05:37:13 Z
176,2024-09-11 05:37:13 Z
177,2024-09-11 05:37:04 Z
178,2024-09-08 22:47:06 Z
179,2024-09-08 22:46:57 Z
180,2024-08-15 16:52:10 Z
